Colorcode;beeld;aantal
124763 | HV19-3137 | 202009810;830221000089.pdf;950
121334 | HV19-3137 | 202009810;830221000090.pdf;530
121339 | HV19-3137 | 202009810;830221000091.pdf;530
121336 | HV19-3137 | 202009810;830221000092.pdf;530
121341 | HV19-3137 | 202009810;830221000093.pdf;530
124773 | HV19-3137 | 202009810;830221000094.pdf;1250
121345 | HV19-3137 | 202009810;830221000095.pdf;650
121349 | HV19-3137 | 202009810;830221000096.pdf;650
122825 | HV19-3137 | 202009810;830221000097.pdf;770
124010 | HV19-3137 | 202009810;830221000098.pdf;770
122817 | HV19-3137 | 202009810;830221000099.pdf;950
110033 | HV20-0155 | 202009815;830221000100.pdf;1490
118300 | HV20-0155 | 202009815;830221000101.pdf;650
120668 | HV20-0155 | 202009815;830221000102.pdf;770
120669 | HV20-0155 | 202009815;830221000103.pdf;950
123650 | HV20-0155 | 202009815;830221000104.pdf;1250
123072 | HV20-0155 | 202009815;830221000105.pdf;650
123314 | HV20-0155 | 202009815;830221000106.pdf;770
123059 | HV20-0155 | 202009815;830221000107.pdf;770
118295 | HV20-0155 | 202009815;830221000108.pdf;530
121855 | HV20-0155 | 202009815;830221000109.pdf;530
111196 | HV20-0155 | 202009815;830221000110.pdf;770
118296 | HV20-0155 | 202009815;830221000111.pdf;530
111198 | HV20-0155 | 202009815;830221000112.pdf;530
118150 | HV20-0155 | 202009815;830221000113.pdf;650
120913 | HV20-0155 | 202009815;830221000114.pdf;950
118981 | HV20-0155 | 202009815;830221000115.pdf;530
120915 | HV20-0155 | 202009815;830221000116.pdf;650
125247 | HV20-0156 | 202009818;830221000117.pdf;437
123114 | HV20-0156 | 202009818;830221000118.pdf;2013
123827 | HV20-0156 | 202009818;830221000119.pdf;770
120016 | HV20-0156 | 202009818;830221000120.pdf;770
123834 | HV20-0156 | 202009818;830221000121.pdf;650
123833 | HV20-0156 | 202009818;830221000122.pdf;650
111762 | HV20-0157 | 202009820;830221000124.pdf;1130
111763 | HV20-0157 | 202009820;830221000125.pdf;806
111772 | HV20-0157 | 202009820;830221000126.pdf;806
111773 | HV20-0157 | 202009820;830221000127.pdf;590
111766 | HV20-0157 | 202009820;830221000128.pdf;806
111767 | HV20-0157 | 202009820;830221000129.pdf;590
111804 | HV20-0157 | 202009820;830221000130.pdf;806
111805 | HV20-0157 | 202009820;830221000131.pdf;590
111770 | HV20-0157 | 202009820;830221000132.pdf;806
111771 | HV20-0157 | 202009820;830221000133.pdf;590
118034 | HV20-0157 | 202009820;830221000134.pdf;806
118035 | HV20-0157 | 202009820;830221000135.pdf;590
11-100632 | HV20-0314 | 202009821;830221000136.pdf;3650
107256 | HV20-0314 | 202009821;830221000137.pdf;2450
104805 | HV20-0314 | 202009821;830221000138.pdf;1550
128626 | HV20-0314 | 202009821;830221000139.pdf;1550
128241 | HV20-0314 | 202009821;830221000140.pdf;950
128242 | HV20-0314 | 202009821;830221000141.pdf;950
