;omschrijving_1;pdf_1;omschrijving_2;pdf_2;omschrijving_3;pdf_3
0;A12.4.5: 90 etiketten;leeg.pdf;C01.21: 36 etiketten;leeg.pdf;L7000: 54 etiketten;leeg.pdf
1;;201953122_1.pdf;;201953122_12.pdf;;201953122_21.pdf
2;;201953122_1.pdf;;201953122_12.pdf;;201953122_21.pdf
3;;201953122_1.pdf;;201953122_12.pdf;;201953122_21.pdf
4;;201953122_1.pdf;;201953122_12.pdf;;201953122_21.pdf
5;;201953122_1.pdf;;201953122_12.pdf;;201953122_21.pdf
6;;201953122_1.pdf;;201953122_12.pdf;;201953122_21.pdf
7;;201953122_1.pdf;;201953122_12.pdf;;201953122_21.pdf
8;;201953122_1.pdf;;201953122_12.pdf;;201953122_21.pdf
9;;201953122_1.pdf;;201953122_12.pdf;;201953122_21.pdf
10;;201953122_1.pdf;;201953122_12.pdf;;201953122_21.pdf
11;;201953122_1.pdf;;201953122_12.pdf;;201953122_21.pdf
12;;201953122_1.pdf;;201953122_12.pdf;;201953122_21.pdf
13;;201953122_1.pdf;;201953122_12.pdf;;201953122_21.pdf
14;;201953122_1.pdf;;201953122_12.pdf;;201953122_21.pdf
15;;201953122_1.pdf;;201953122_12.pdf;;201953122_21.pdf
16;;201953122_1.pdf;;201953122_12.pdf;;201953122_21.pdf
17;;201953122_1.pdf;;201953122_12.pdf;;201953122_21.pdf
18;;201953122_1.pdf;;201953122_12.pdf;;201953122_21.pdf
19;;201953122_1.pdf;;201953122_12.pdf;;201953122_21.pdf
20;;201953122_1.pdf;;201953122_12.pdf;;201953122_21.pdf
21;;201953122_1.pdf;;201953122_12.pdf;;201953122_21.pdf
22;;201953122_1.pdf;;201953122_12.pdf;;201953122_21.pdf
23;;201953122_1.pdf;;201953122_12.pdf;;201953122_21.pdf
24;;201953122_1.pdf;;201953122_12.pdf;;201953122_21.pdf
25;;201953122_1.pdf;;201953122_12.pdf;;201953122_21.pdf
26;;201953122_1.pdf;;201953122_12.pdf;;201953122_21.pdf
27;;201953122_1.pdf;;201953122_12.pdf;;201953122_21.pdf
28;;201953122_1.pdf;;201953122_12.pdf;;201953122_21.pdf
29;;201953122_1.pdf;;201953122_12.pdf;;201953122_21.pdf
30;;201953122_1.pdf;;201953122_12.pdf;;201953122_21.pdf
31;;201953122_1.pdf;;201953122_12.pdf;;201953122_21.pdf
32;;201953122_1.pdf;;201953122_12.pdf;;201953122_21.pdf
33;;201953122_1.pdf;;201953122_12.pdf;;201953122_21.pdf
34;;201953122_1.pdf;;201953122_12.pdf;;201953122_21.pdf
35;;201953122_1.pdf;;201953122_12.pdf;;201953122_21.pdf
36;;201953122_1.pdf;;201953122_12.pdf;;201953122_21.pdf
37;;201953122_1.pdf;;201953122_12.pdf;;201953122_21.pdf
38;;201953122_1.pdf;;201953122_12.pdf;;201953122_21.pdf
39;;201953122_1.pdf;;201953122_12.pdf;;201953122_21.pdf
40;;201953122_1.pdf;;201953122_12.pdf;;201953122_21.pdf
41;;201953122_1.pdf;C01.21: 36 etiketten;leeg.pdf;;201953122_21.pdf
42;;201953122_1.pdf;;stans.pdf;;201953122_21.pdf
43;;201953122_1.pdf;C01.25 : 36 etiketten;leeg.pdf;;201953122_21.pdf
44;;201953122_1.pdf;;201953122_13.pdf;;201953122_21.pdf
45;;201953122_1.pdf;;201953122_13.pdf;;201953122_21.pdf
46;;201953122_1.pdf;;201953122_13.pdf;;201953122_21.pdf
47;;201953122_1.pdf;;201953122_13.pdf;;201953122_21.pdf
48;;201953122_1.pdf;;201953122_13.pdf;;201953122_21.pdf
49;;201953122_1.pdf;;201953122_13.pdf;;201953122_21.pdf
50;;201953122_1.pdf;;201953122_13.pdf;;201953122_21.pdf
51;;201953122_1.pdf;;201953122_13.pdf;;201953122_21.pdf
52;;201953122_1.pdf;;201953122_13.pdf;;201953122_21.pdf
53;;201953122_1.pdf;;201953122_13.pdf;;201953122_21.pdf
54;;201953122_1.pdf;;201953122_13.pdf;;201953122_21.pdf
55;;201953122_1.pdf;;201953122_13.pdf;;201953122_21.pdf
56;;201953122_1.pdf;;201953122_13.pdf;;201953122_21.pdf
57;;201953122_1.pdf;;201953122_13.pdf;;201953122_21.pdf
58;;201953122_1.pdf;;201953122_13.pdf;;201953122_21.pdf
59;;201953122_1.pdf;;201953122_13.pdf;L7000: 54 etiketten;leeg.pdf
60;;201953122_1.pdf;;201953122_13.pdf;;stans.pdf
61;;201953122_1.pdf;;201953122_13.pdf;L7000: 72 etiketten;leeg.pdf
62;;201953122_1.pdf;;201953122_13.pdf;;201953122_22.pdf
63;;201953122_1.pdf;;201953122_13.pdf;;201953122_22.pdf
64;;201953122_1.pdf;;201953122_13.pdf;;201953122_22.pdf
65;;201953122_1.pdf;;201953122_13.pdf;;201953122_22.pdf
66;;201953122_1.pdf;;201953122_13.pdf;;201953122_22.pdf
67;;201953122_1.pdf;;201953122_13.pdf;;201953122_22.pdf
68;;201953122_1.pdf;;201953122_13.pdf;;201953122_22.pdf
69;;201953122_1.pdf;;201953122_13.pdf;;201953122_22.pdf
70;;201953122_1.pdf;;201953122_13.pdf;;201953122_22.pdf
71;;201953122_1.pdf;;201953122_13.pdf;;201953122_22.pdf
72;;201953122_1.pdf;;201953122_13.pdf;;201953122_22.pdf
73;;201953122_1.pdf;;201953122_13.pdf;;201953122_22.pdf
74;;201953122_1.pdf;;201953122_13.pdf;;201953122_22.pdf
75;;201953122_1.pdf;;201953122_13.pdf;;201953122_22.pdf
76;;201953122_1.pdf;;201953122_13.pdf;;201953122_22.pdf
77;;201953122_1.pdf;;201953122_13.pdf;;201953122_22.pdf
78;;201953122_1.pdf;;201953122_13.pdf;;201953122_22.pdf
79;;201953122_1.pdf;;201953122_13.pdf;;201953122_22.pdf
80;;201953122_1.pdf;;201953122_13.pdf;;201953122_22.pdf
81;;201953122_1.pdf;;201953122_13.pdf;;201953122_22.pdf
82;;201953122_1.pdf;;201953122_13.pdf;;201953122_22.pdf
83;;201953122_1.pdf;;201953122_13.pdf;;201953122_22.pdf
84;;201953122_1.pdf;C01.25 : 36 etiketten;leeg.pdf;;201953122_22.pdf
85;;201953122_1.pdf;;stans.pdf;;201953122_22.pdf
86;;201953122_1.pdf;C01.70: 36 etiketten;leeg.pdf;;201953122_22.pdf
87;;201953122_1.pdf;;201953122_14.pdf;;201953122_22.pdf
88;;201953122_1.pdf;;201953122_14.pdf;;201953122_22.pdf
89;;201953122_1.pdf;;201953122_14.pdf;;201953122_22.pdf
90;;201953122_1.pdf;;201953122_14.pdf;;201953122_22.pdf
91;;201953122_1.pdf;;201953122_14.pdf;;201953122_22.pdf
92;;201953122_1.pdf;;201953122_14.pdf;;201953122_22.pdf
93;;201953122_1.pdf;;201953122_14.pdf;;201953122_22.pdf
94;;201953122_1.pdf;;201953122_14.pdf;;201953122_22.pdf
95;A12.4.5: 90 etiketten;leeg.pdf;;201953122_14.pdf;;201953122_22.pdf
96;;stans.pdf;;201953122_14.pdf;;201953122_22.pdf
97;A19.7.1: 90 etiketten;leeg.pdf;;201953122_14.pdf;;201953122_22.pdf
98;;201953122_2.pdf;;201953122_14.pdf;;201953122_22.pdf
99;;201953122_2.pdf;;201953122_14.pdf;;201953122_22.pdf
100;;201953122_2.pdf;;201953122_14.pdf;;201953122_22.pdf
101;;201953122_2.pdf;;201953122_14.pdf;;201953122_22.pdf
102;;201953122_2.pdf;;201953122_14.pdf;;201953122_22.pdf
103;;201953122_2.pdf;;201953122_14.pdf;;201953122_22.pdf
104;;201953122_2.pdf;;201953122_14.pdf;;201953122_22.pdf
105;;201953122_2.pdf;;201953122_14.pdf;;201953122_22.pdf
106;;201953122_2.pdf;;201953122_14.pdf;;201953122_22.pdf
107;;201953122_2.pdf;;201953122_14.pdf;;201953122_22.pdf
108;;201953122_2.pdf;;201953122_14.pdf;;201953122_22.pdf
109;;201953122_2.pdf;;201953122_14.pdf;;201953122_22.pdf
110;;201953122_2.pdf;;201953122_14.pdf;;201953122_22.pdf
111;;201953122_2.pdf;;201953122_14.pdf;;201953122_22.pdf
112;;201953122_2.pdf;;201953122_14.pdf;;201953122_22.pdf
113;;201953122_2.pdf;;201953122_14.pdf;;201953122_22.pdf
114;;201953122_2.pdf;;201953122_14.pdf;;201953122_22.pdf
115;;201953122_2.pdf;;201953122_14.pdf;;201953122_22.pdf
116;;201953122_2.pdf;;201953122_14.pdf;;201953122_22.pdf
117;;201953122_2.pdf;;201953122_14.pdf;;201953122_22.pdf
118;;201953122_2.pdf;;201953122_14.pdf;;201953122_22.pdf
119;;201953122_2.pdf;;201953122_14.pdf;;201953122_22.pdf
120;;201953122_2.pdf;;201953122_14.pdf;;201953122_22.pdf
121;;201953122_2.pdf;;201953122_14.pdf;;201953122_22.pdf
122;;201953122_2.pdf;;201953122_14.pdf;;201953122_22.pdf
123;;201953122_2.pdf;;201953122_14.pdf;;201953122_22.pdf
124;;201953122_2.pdf;;201953122_14.pdf;;201953122_22.pdf
125;;201953122_2.pdf;;201953122_14.pdf;;201953122_22.pdf
126;;201953122_2.pdf;;201953122_14.pdf;;201953122_22.pdf
127;;201953122_2.pdf;C01.70: 36 etiketten;leeg.pdf;;201953122_22.pdf
128;;201953122_2.pdf;;stans.pdf;;201953122_22.pdf
129;;201953122_2.pdf;L1245: 108 etiketten;leeg.pdf;;201953122_22.pdf
130;;201953122_2.pdf;;201953122_15.pdf;;201953122_22.pdf
131;;201953122_2.pdf;;201953122_15.pdf;;201953122_22.pdf
132;;201953122_2.pdf;;201953122_15.pdf;;201953122_22.pdf
133;;201953122_2.pdf;;201953122_15.pdf;;201953122_22.pdf
134;;201953122_2.pdf;;201953122_15.pdf;;201953122_22.pdf
135;;201953122_2.pdf;;201953122_15.pdf;;201953122_22.pdf
136;;201953122_2.pdf;;201953122_15.pdf;;201953122_22.pdf
137;;201953122_2.pdf;;201953122_15.pdf;;201953122_22.pdf
138;;201953122_2.pdf;;201953122_15.pdf;L7000: 72 etiketten;leeg.pdf
139;;201953122_2.pdf;;201953122_15.pdf;;stans.pdf
140;;201953122_2.pdf;;201953122_15.pdf;L7000: 18 etiketten;leeg.pdf
141;;201953122_2.pdf;;201953122_15.pdf;;201953122_23.pdf
142;;201953122_2.pdf;;201953122_15.pdf;;201953122_23.pdf
143;;201953122_2.pdf;;201953122_15.pdf;;201953122_23.pdf
144;;201953122_2.pdf;;201953122_15.pdf;;201953122_23.pdf
145;;201953122_2.pdf;;201953122_15.pdf;;201953122_23.pdf
146;;201953122_2.pdf;;201953122_15.pdf;;201953122_23.pdf
147;;201953122_2.pdf;;201953122_15.pdf;;201953122_23.pdf
148;;201953122_2.pdf;;201953122_15.pdf;;201953122_23.pdf
149;;201953122_2.pdf;;201953122_15.pdf;;201953122_23.pdf
150;;201953122_2.pdf;;201953122_15.pdf;;201953122_23.pdf
151;;201953122_2.pdf;;201953122_15.pdf;;201953122_23.pdf
152;;201953122_2.pdf;;201953122_15.pdf;;201953122_23.pdf
153;;201953122_2.pdf;;201953122_15.pdf;;201953122_23.pdf
154;;201953122_2.pdf;;201953122_15.pdf;;201953122_23.pdf
155;;201953122_2.pdf;;201953122_15.pdf;;201953122_23.pdf
156;;201953122_2.pdf;;201953122_15.pdf;;201953122_23.pdf
157;;201953122_2.pdf;;201953122_15.pdf;;201953122_23.pdf
158;;201953122_2.pdf;;201953122_15.pdf;;201953122_23.pdf
159;;201953122_2.pdf;;201953122_15.pdf;;201953122_23.pdf
160;;201953122_2.pdf;;201953122_15.pdf;;201953122_23.pdf
161;;201953122_2.pdf;;201953122_15.pdf;;201953122_23.pdf
162;;201953122_2.pdf;;201953122_15.pdf;;201953122_23.pdf
163;;201953122_2.pdf;;201953122_15.pdf;L7000: 18 etiketten;leeg.pdf
164;;201953122_2.pdf;;201953122_15.pdf;;stans.pdf
165;;201953122_2.pdf;;201953122_15.pdf;L9000: 72 etiketten;leeg.pdf
166;;201953122_2.pdf;;201953122_15.pdf;;201953122_24.pdf
167;;201953122_2.pdf;;201953122_15.pdf;;201953122_24.pdf
168;;201953122_2.pdf;;201953122_15.pdf;;201953122_24.pdf
169;;201953122_2.pdf;;201953122_15.pdf;;201953122_24.pdf
170;;201953122_2.pdf;;201953122_15.pdf;;201953122_24.pdf
171;;201953122_2.pdf;;201953122_15.pdf;;201953122_24.pdf
172;;201953122_2.pdf;;201953122_15.pdf;;201953122_24.pdf
173;;201953122_2.pdf;;201953122_15.pdf;;201953122_24.pdf
174;;201953122_2.pdf;;201953122_15.pdf;;201953122_24.pdf
175;;201953122_2.pdf;;201953122_15.pdf;;201953122_24.pdf
176;;201953122_2.pdf;;201953122_15.pdf;;201953122_24.pdf
177;;201953122_2.pdf;;201953122_15.pdf;;201953122_24.pdf
178;;201953122_2.pdf;;201953122_15.pdf;;201953122_24.pdf
179;;201953122_2.pdf;;201953122_15.pdf;;201953122_24.pdf
180;;201953122_2.pdf;;201953122_15.pdf;;201953122_24.pdf
181;;201953122_2.pdf;;201953122_15.pdf;;201953122_24.pdf
182;;201953122_2.pdf;;201953122_15.pdf;;201953122_24.pdf
183;;201953122_2.pdf;;201953122_15.pdf;;201953122_24.pdf
184;;201953122_2.pdf;;201953122_15.pdf;;201953122_24.pdf
185;;201953122_2.pdf;;201953122_15.pdf;;201953122_24.pdf
186;;201953122_2.pdf;;201953122_15.pdf;;201953122_24.pdf
187;;201953122_2.pdf;;201953122_15.pdf;;201953122_24.pdf
188;;201953122_2.pdf;;201953122_15.pdf;;201953122_24.pdf
189;;201953122_2.pdf;;201953122_15.pdf;;201953122_24.pdf
190;;201953122_2.pdf;;201953122_15.pdf;;201953122_24.pdf
191;;201953122_2.pdf;;201953122_15.pdf;;201953122_24.pdf
192;A19.7.1: 90 etiketten;leeg.pdf;;201953122_15.pdf;;201953122_24.pdf
193;;stans.pdf;;201953122_15.pdf;;201953122_24.pdf
194;A70.0.0: 90 etiketten;leeg.pdf;;201953122_15.pdf;;201953122_24.pdf
195;;201953122_3.pdf;;201953122_15.pdf;;201953122_24.pdf
196;;201953122_3.pdf;;201953122_15.pdf;;201953122_24.pdf
197;;201953122_3.pdf;;201953122_15.pdf;;201953122_24.pdf
198;;201953122_3.pdf;;201953122_15.pdf;;201953122_24.pdf
199;;201953122_3.pdf;;201953122_15.pdf;;201953122_24.pdf
200;;201953122_3.pdf;;201953122_15.pdf;;201953122_24.pdf
201;;201953122_3.pdf;;201953122_15.pdf;;201953122_24.pdf
202;;201953122_3.pdf;;201953122_15.pdf;;201953122_24.pdf
203;;201953122_3.pdf;;201953122_15.pdf;;201953122_24.pdf
204;;201953122_3.pdf;;201953122_15.pdf;;201953122_24.pdf
205;;201953122_3.pdf;;201953122_15.pdf;;201953122_24.pdf
206;;201953122_3.pdf;;201953122_15.pdf;;201953122_24.pdf
207;;201953122_3.pdf;;201953122_15.pdf;;201953122_24.pdf
208;;201953122_3.pdf;;201953122_15.pdf;;201953122_24.pdf
209;;201953122_3.pdf;;201953122_15.pdf;;201953122_24.pdf
210;;201953122_3.pdf;;201953122_15.pdf;;201953122_24.pdf
211;;201953122_3.pdf;;201953122_15.pdf;;201953122_24.pdf
212;;201953122_3.pdf;;201953122_15.pdf;;201953122_24.pdf
213;;201953122_3.pdf;;201953122_15.pdf;;201953122_24.pdf
214;;201953122_3.pdf;;201953122_15.pdf;;201953122_24.pdf
215;;201953122_3.pdf;;201953122_15.pdf;;201953122_24.pdf
216;;201953122_3.pdf;;201953122_15.pdf;;201953122_24.pdf
217;;201953122_3.pdf;;201953122_15.pdf;;201953122_24.pdf
218;;201953122_3.pdf;;201953122_15.pdf;;201953122_24.pdf
219;;201953122_3.pdf;;201953122_15.pdf;;201953122_24.pdf
220;;201953122_3.pdf;;201953122_15.pdf;;201953122_24.pdf
221;;201953122_3.pdf;;201953122_15.pdf;;201953122_24.pdf
222;;201953122_3.pdf;;201953122_15.pdf;;201953122_24.pdf
223;;201953122_3.pdf;;201953122_15.pdf;;201953122_24.pdf
224;;201953122_3.pdf;;201953122_15.pdf;;201953122_24.pdf
225;;201953122_3.pdf;;201953122_15.pdf;;201953122_24.pdf
226;;201953122_3.pdf;;201953122_15.pdf;;201953122_24.pdf
227;;201953122_3.pdf;;201953122_15.pdf;;201953122_24.pdf
228;;201953122_3.pdf;;201953122_15.pdf;;201953122_24.pdf
229;;201953122_3.pdf;;201953122_15.pdf;;201953122_24.pdf
230;;201953122_3.pdf;;201953122_15.pdf;;201953122_24.pdf
231;;201953122_3.pdf;;201953122_15.pdf;;201953122_24.pdf
232;;201953122_3.pdf;;201953122_15.pdf;;201953122_24.pdf
233;;201953122_3.pdf;;201953122_15.pdf;;201953122_24.pdf
234;;201953122_3.pdf;;201953122_15.pdf;;201953122_24.pdf
235;;201953122_3.pdf;;201953122_15.pdf;;201953122_24.pdf
236;;201953122_3.pdf;;201953122_15.pdf;;201953122_24.pdf
237;;201953122_3.pdf;;201953122_15.pdf;;201953122_24.pdf
238;;201953122_3.pdf;;201953122_15.pdf;;201953122_24.pdf
239;;201953122_3.pdf;;201953122_15.pdf;;201953122_24.pdf
240;;201953122_3.pdf;;201953122_15.pdf;;201953122_24.pdf
241;;201953122_3.pdf;;201953122_15.pdf;;201953122_24.pdf
242;;201953122_3.pdf;L1245: 108 etiketten;leeg.pdf;L9000: 72 etiketten;leeg.pdf
243;;201953122_3.pdf;;stans.pdf;;stans.pdf
244;;201953122_3.pdf;L1245: 90 etiketten;leeg.pdf;L9000: 72 etiketten;leeg.pdf
245;;201953122_3.pdf;;201953122_16.pdf;;201953122_25.pdf
246;;201953122_3.pdf;;201953122_16.pdf;;201953122_25.pdf
247;;201953122_3.pdf;;201953122_16.pdf;;201953122_25.pdf
248;;201953122_3.pdf;;201953122_16.pdf;;201953122_25.pdf
249;;201953122_3.pdf;;201953122_16.pdf;;201953122_25.pdf
250;;201953122_3.pdf;;201953122_16.pdf;;201953122_25.pdf
251;;201953122_3.pdf;;201953122_16.pdf;;201953122_25.pdf
252;;201953122_3.pdf;;201953122_16.pdf;;201953122_25.pdf
253;;201953122_3.pdf;;201953122_16.pdf;;201953122_25.pdf
254;;201953122_3.pdf;;201953122_16.pdf;;201953122_25.pdf
255;;201953122_3.pdf;;201953122_16.pdf;;201953122_25.pdf
256;;201953122_3.pdf;;201953122_16.pdf;;201953122_25.pdf
257;;201953122_3.pdf;;201953122_16.pdf;;201953122_25.pdf
258;;201953122_3.pdf;;201953122_16.pdf;;201953122_25.pdf
259;;201953122_3.pdf;;201953122_16.pdf;;201953122_25.pdf
260;;201953122_3.pdf;;201953122_16.pdf;;201953122_25.pdf
261;;201953122_3.pdf;;201953122_16.pdf;;201953122_25.pdf
262;;201953122_3.pdf;;201953122_16.pdf;;201953122_25.pdf
263;;201953122_3.pdf;;201953122_16.pdf;;201953122_25.pdf
264;;201953122_3.pdf;;201953122_16.pdf;;201953122_25.pdf
265;;201953122_3.pdf;;201953122_16.pdf;;201953122_25.pdf
266;;201953122_3.pdf;;201953122_16.pdf;;201953122_25.pdf
267;;201953122_3.pdf;;201953122_16.pdf;;201953122_25.pdf
268;;201953122_3.pdf;;201953122_16.pdf;;201953122_25.pdf
269;;201953122_3.pdf;;201953122_16.pdf;;201953122_25.pdf
270;;201953122_3.pdf;;201953122_16.pdf;;201953122_25.pdf
271;;201953122_3.pdf;;201953122_16.pdf;;201953122_25.pdf
272;;201953122_3.pdf;;201953122_16.pdf;;201953122_25.pdf
273;;201953122_3.pdf;;201953122_16.pdf;;201953122_25.pdf
274;;201953122_3.pdf;;201953122_16.pdf;;201953122_25.pdf
275;;201953122_3.pdf;;201953122_16.pdf;;201953122_25.pdf
276;;201953122_3.pdf;;201953122_16.pdf;;201953122_25.pdf
277;;201953122_3.pdf;;201953122_16.pdf;;201953122_25.pdf
278;;201953122_3.pdf;;201953122_16.pdf;;201953122_25.pdf
279;;201953122_3.pdf;;201953122_16.pdf;;201953122_25.pdf
280;;201953122_3.pdf;;201953122_16.pdf;;201953122_25.pdf
281;;201953122_3.pdf;;201953122_16.pdf;;201953122_25.pdf
282;;201953122_3.pdf;;201953122_16.pdf;;201953122_25.pdf
283;;201953122_3.pdf;;201953122_16.pdf;;201953122_25.pdf
284;;201953122_3.pdf;;201953122_16.pdf;;201953122_25.pdf
285;;201953122_3.pdf;;201953122_16.pdf;;201953122_25.pdf
286;;201953122_3.pdf;;201953122_16.pdf;;201953122_25.pdf
287;;201953122_3.pdf;;201953122_16.pdf;;201953122_25.pdf
288;;201953122_3.pdf;;201953122_16.pdf;;201953122_25.pdf
289;A70.0.0: 90 etiketten;leeg.pdf;;201953122_16.pdf;;201953122_25.pdf
290;;stans.pdf;;201953122_16.pdf;;201953122_25.pdf
291;A10.1.8: 18 etiketten;leeg.pdf;;201953122_16.pdf;;201953122_25.pdf
292;;201953122_4.pdf;;201953122_16.pdf;;201953122_25.pdf
293;;201953122_4.pdf;;201953122_16.pdf;;201953122_25.pdf
294;;201953122_4.pdf;;201953122_16.pdf;;201953122_25.pdf
295;;201953122_4.pdf;;201953122_16.pdf;;201953122_25.pdf
296;;201953122_4.pdf;;201953122_16.pdf;;201953122_25.pdf
297;;201953122_4.pdf;;201953122_16.pdf;;201953122_25.pdf
298;;201953122_4.pdf;;201953122_16.pdf;;201953122_25.pdf
299;;201953122_4.pdf;;201953122_16.pdf;;201953122_25.pdf
300;;201953122_4.pdf;;201953122_16.pdf;;201953122_25.pdf
301;;201953122_4.pdf;;201953122_16.pdf;;201953122_25.pdf
302;;201953122_4.pdf;;201953122_16.pdf;;201953122_25.pdf
303;;201953122_4.pdf;;201953122_16.pdf;;201953122_25.pdf
304;;201953122_4.pdf;;201953122_16.pdf;;201953122_25.pdf
305;;201953122_4.pdf;;201953122_16.pdf;;201953122_25.pdf
306;;201953122_4.pdf;;201953122_16.pdf;;201953122_25.pdf
307;;201953122_4.pdf;;201953122_16.pdf;;201953122_25.pdf
308;;201953122_4.pdf;;201953122_16.pdf;;201953122_25.pdf
309;;201953122_4.pdf;;201953122_16.pdf;;201953122_25.pdf
310;;201953122_4.pdf;;201953122_16.pdf;;201953122_25.pdf
311;;201953122_4.pdf;;201953122_16.pdf;;201953122_25.pdf
312;;201953122_4.pdf;;201953122_16.pdf;;201953122_25.pdf
313;;201953122_4.pdf;;201953122_16.pdf;;201953122_25.pdf
314;A10.1.8: 18 etiketten;leeg.pdf;;201953122_16.pdf;;201953122_25.pdf
315;;stans.pdf;;201953122_16.pdf;;201953122_25.pdf
316;A41.0.6: 36 etiketten;leeg.pdf;;201953122_16.pdf;;201953122_25.pdf
317;;201953122_5.pdf;;201953122_16.pdf;;201953122_25.pdf
318;;201953122_5.pdf;;201953122_16.pdf;;201953122_25.pdf
319;;201953122_5.pdf;;201953122_16.pdf;;201953122_25.pdf
320;;201953122_5.pdf;;201953122_16.pdf;;201953122_25.pdf
321;;201953122_5.pdf;;201953122_16.pdf;L9000: 72 etiketten;leeg.pdf
322;;201953122_5.pdf;;201953122_16.pdf;;stans.pdf
323;;201953122_5.pdf;;201953122_16.pdf;LM2181: 90 etiketten;leeg.pdf
324;;201953122_5.pdf;;201953122_16.pdf;;201953122_26.pdf
325;;201953122_5.pdf;;201953122_16.pdf;;201953122_26.pdf
326;;201953122_5.pdf;;201953122_16.pdf;;201953122_26.pdf
327;;201953122_5.pdf;;201953122_16.pdf;;201953122_26.pdf
328;;201953122_5.pdf;;201953122_16.pdf;;201953122_26.pdf
329;;201953122_5.pdf;;201953122_16.pdf;;201953122_26.pdf
330;;201953122_5.pdf;;201953122_16.pdf;;201953122_26.pdf
331;;201953122_5.pdf;;201953122_16.pdf;;201953122_26.pdf
332;;201953122_5.pdf;;201953122_16.pdf;;201953122_26.pdf
333;;201953122_5.pdf;;201953122_16.pdf;;201953122_26.pdf
334;;201953122_5.pdf;;201953122_16.pdf;;201953122_26.pdf
335;;201953122_5.pdf;;201953122_16.pdf;;201953122_26.pdf
336;;201953122_5.pdf;;201953122_16.pdf;;201953122_26.pdf
337;;201953122_5.pdf;;201953122_16.pdf;;201953122_26.pdf
338;;201953122_5.pdf;;201953122_16.pdf;;201953122_26.pdf
339;;201953122_5.pdf;L1245: 90 etiketten;leeg.pdf;;201953122_26.pdf
340;;201953122_5.pdf;;stans.pdf;;201953122_26.pdf
341;;201953122_5.pdf;L1245: 126 etiketten;leeg.pdf;;201953122_26.pdf
342;;201953122_5.pdf;;201953122_17.pdf;;201953122_26.pdf
343;;201953122_5.pdf;;201953122_17.pdf;;201953122_26.pdf
344;;201953122_5.pdf;;201953122_17.pdf;;201953122_26.pdf
345;;201953122_5.pdf;;201953122_17.pdf;;201953122_26.pdf
346;;201953122_5.pdf;;201953122_17.pdf;;201953122_26.pdf
347;;201953122_5.pdf;;201953122_17.pdf;;201953122_26.pdf
348;;201953122_5.pdf;;201953122_17.pdf;;201953122_26.pdf
349;;201953122_5.pdf;;201953122_17.pdf;;201953122_26.pdf
350;;201953122_5.pdf;;201953122_17.pdf;;201953122_26.pdf
351;;201953122_5.pdf;;201953122_17.pdf;;201953122_26.pdf
352;;201953122_5.pdf;;201953122_17.pdf;;201953122_26.pdf
353;;201953122_5.pdf;;201953122_17.pdf;;201953122_26.pdf
354;;201953122_5.pdf;;201953122_17.pdf;;201953122_26.pdf
355;;201953122_5.pdf;;201953122_17.pdf;;201953122_26.pdf
356;;201953122_5.pdf;;201953122_17.pdf;;201953122_26.pdf
357;A41.0.6: 36 etiketten;leeg.pdf;;201953122_17.pdf;;201953122_26.pdf
358;;stans.pdf;;201953122_17.pdf;;201953122_26.pdf
359;A37.0.8: 54 etiketten;leeg.pdf;;201953122_17.pdf;;201953122_26.pdf
360;;201953122_6.pdf;;201953122_17.pdf;;201953122_26.pdf
361;;201953122_6.pdf;;201953122_17.pdf;;201953122_26.pdf
362;;201953122_6.pdf;;201953122_17.pdf;;201953122_26.pdf
363;;201953122_6.pdf;;201953122_17.pdf;;201953122_26.pdf
364;;201953122_6.pdf;;201953122_17.pdf;;201953122_26.pdf
365;;201953122_6.pdf;;201953122_17.pdf;;201953122_26.pdf
366;;201953122_6.pdf;;201953122_17.pdf;;201953122_26.pdf
367;;201953122_6.pdf;;201953122_17.pdf;;201953122_26.pdf
368;;201953122_6.pdf;;201953122_17.pdf;;201953122_26.pdf
369;;201953122_6.pdf;;201953122_17.pdf;;201953122_26.pdf
370;;201953122_6.pdf;;201953122_17.pdf;;201953122_26.pdf
371;;201953122_6.pdf;;201953122_17.pdf;;201953122_26.pdf
372;;201953122_6.pdf;;201953122_17.pdf;;201953122_26.pdf
373;;201953122_6.pdf;;201953122_17.pdf;;201953122_26.pdf
374;;201953122_6.pdf;;201953122_17.pdf;;201953122_26.pdf
375;;201953122_6.pdf;;201953122_17.pdf;;201953122_26.pdf
376;;201953122_6.pdf;;201953122_17.pdf;;201953122_26.pdf
377;;201953122_6.pdf;;201953122_17.pdf;;201953122_26.pdf
378;;201953122_6.pdf;;201953122_17.pdf;;201953122_26.pdf
379;;201953122_6.pdf;;201953122_17.pdf;;201953122_26.pdf
380;;201953122_6.pdf;;201953122_17.pdf;;201953122_26.pdf
381;;201953122_6.pdf;;201953122_17.pdf;;201953122_26.pdf
382;;201953122_6.pdf;;201953122_17.pdf;;201953122_26.pdf
383;;201953122_6.pdf;;201953122_17.pdf;;201953122_26.pdf
384;;201953122_6.pdf;;201953122_17.pdf;;201953122_26.pdf
385;;201953122_6.pdf;;201953122_17.pdf;;201953122_26.pdf
386;;201953122_6.pdf;;201953122_17.pdf;;201953122_26.pdf
387;;201953122_6.pdf;;201953122_17.pdf;;201953122_26.pdf
388;;201953122_6.pdf;;201953122_17.pdf;;201953122_26.pdf
389;;201953122_6.pdf;;201953122_17.pdf;;201953122_26.pdf
390;;201953122_6.pdf;;201953122_17.pdf;;201953122_26.pdf
391;;201953122_6.pdf;;201953122_17.pdf;;201953122_26.pdf
392;;201953122_6.pdf;;201953122_17.pdf;;201953122_26.pdf
393;;201953122_6.pdf;;201953122_17.pdf;;201953122_26.pdf
394;;201953122_6.pdf;;201953122_17.pdf;;201953122_26.pdf
395;;201953122_6.pdf;;201953122_17.pdf;;201953122_26.pdf
396;;201953122_6.pdf;;201953122_17.pdf;;201953122_26.pdf
397;;201953122_6.pdf;;201953122_17.pdf;;201953122_26.pdf
398;;201953122_6.pdf;;201953122_17.pdf;;201953122_26.pdf
399;;201953122_6.pdf;;201953122_17.pdf;;201953122_26.pdf
400;;201953122_6.pdf;;201953122_17.pdf;;201953122_26.pdf
401;;201953122_6.pdf;;201953122_17.pdf;;201953122_26.pdf
402;;201953122_6.pdf;;201953122_17.pdf;;201953122_26.pdf
403;;201953122_6.pdf;;201953122_17.pdf;;201953122_26.pdf
404;;201953122_6.pdf;;201953122_17.pdf;;201953122_26.pdf
405;;201953122_6.pdf;;201953122_17.pdf;;201953122_26.pdf
406;;201953122_6.pdf;;201953122_17.pdf;;201953122_26.pdf
407;;201953122_6.pdf;;201953122_17.pdf;;201953122_26.pdf
408;;201953122_6.pdf;;201953122_17.pdf;;201953122_26.pdf
409;;201953122_6.pdf;;201953122_17.pdf;;201953122_26.pdf
410;;201953122_6.pdf;;201953122_17.pdf;;201953122_26.pdf
411;;201953122_6.pdf;;201953122_17.pdf;;201953122_26.pdf
412;;201953122_6.pdf;;201953122_17.pdf;;201953122_26.pdf
413;;201953122_6.pdf;;201953122_17.pdf;;201953122_26.pdf
414;;201953122_6.pdf;;201953122_17.pdf;;201953122_26.pdf
415;;201953122_6.pdf;;201953122_17.pdf;;201953122_26.pdf
416;;201953122_6.pdf;;201953122_17.pdf;;201953122_26.pdf
417;;201953122_6.pdf;;201953122_17.pdf;;201953122_26.pdf
418;A37.0.8: 54 etiketten;leeg.pdf;;201953122_17.pdf;LM2181: 90 etiketten;leeg.pdf
419;;stans.pdf;;201953122_17.pdf;;stans.pdf
420;M21.3.4: 54 etiketten;leeg.pdf;;201953122_17.pdf;LM2181: 126 etiketten;leeg.pdf
421;;201953122_7.pdf;;201953122_17.pdf;;201953122_27.pdf
422;;201953122_7.pdf;;201953122_17.pdf;;201953122_27.pdf
423;;201953122_7.pdf;;201953122_17.pdf;;201953122_27.pdf
424;;201953122_7.pdf;;201953122_17.pdf;;201953122_27.pdf
425;;201953122_7.pdf;;201953122_17.pdf;;201953122_27.pdf
426;;201953122_7.pdf;;201953122_17.pdf;;201953122_27.pdf
427;;201953122_7.pdf;;201953122_17.pdf;;201953122_27.pdf
428;;201953122_7.pdf;;201953122_17.pdf;;201953122_27.pdf
429;;201953122_7.pdf;;201953122_17.pdf;;201953122_27.pdf
430;;201953122_7.pdf;;201953122_17.pdf;;201953122_27.pdf
431;;201953122_7.pdf;;201953122_17.pdf;;201953122_27.pdf
432;;201953122_7.pdf;;201953122_17.pdf;;201953122_27.pdf
433;;201953122_7.pdf;;201953122_17.pdf;;201953122_27.pdf
434;;201953122_7.pdf;;201953122_17.pdf;;201953122_27.pdf
435;;201953122_7.pdf;;201953122_17.pdf;;201953122_27.pdf
436;;201953122_7.pdf;;201953122_17.pdf;;201953122_27.pdf
437;;201953122_7.pdf;;201953122_17.pdf;;201953122_27.pdf
438;;201953122_7.pdf;;201953122_17.pdf;;201953122_27.pdf
439;;201953122_7.pdf;;201953122_17.pdf;;201953122_27.pdf
440;;201953122_7.pdf;;201953122_17.pdf;;201953122_27.pdf
441;;201953122_7.pdf;;201953122_17.pdf;;201953122_27.pdf
442;;201953122_7.pdf;;201953122_17.pdf;;201953122_27.pdf
443;;201953122_7.pdf;;201953122_17.pdf;;201953122_27.pdf
444;;201953122_7.pdf;;201953122_17.pdf;;201953122_27.pdf
445;;201953122_7.pdf;;201953122_17.pdf;;201953122_27.pdf
446;;201953122_7.pdf;;201953122_17.pdf;;201953122_27.pdf
447;;201953122_7.pdf;;201953122_17.pdf;;201953122_27.pdf
448;;201953122_7.pdf;;201953122_17.pdf;;201953122_27.pdf
449;;201953122_7.pdf;;201953122_17.pdf;;201953122_27.pdf
450;;201953122_7.pdf;;201953122_17.pdf;;201953122_27.pdf
451;;201953122_7.pdf;;201953122_17.pdf;;201953122_27.pdf
452;;201953122_7.pdf;;201953122_17.pdf;;201953122_27.pdf
453;;201953122_7.pdf;;201953122_17.pdf;;201953122_27.pdf
454;;201953122_7.pdf;;201953122_17.pdf;;201953122_27.pdf
455;;201953122_7.pdf;;201953122_17.pdf;;201953122_27.pdf
456;;201953122_7.pdf;;201953122_17.pdf;;201953122_27.pdf
457;;201953122_7.pdf;;201953122_17.pdf;;201953122_27.pdf
458;;201953122_7.pdf;;201953122_17.pdf;;201953122_27.pdf
459;;201953122_7.pdf;;201953122_17.pdf;;201953122_27.pdf
460;;201953122_7.pdf;;201953122_17.pdf;;201953122_27.pdf
461;;201953122_7.pdf;;201953122_17.pdf;;201953122_27.pdf
462;;201953122_7.pdf;;201953122_17.pdf;;201953122_27.pdf
463;;201953122_7.pdf;;201953122_17.pdf;;201953122_27.pdf
464;;201953122_7.pdf;;201953122_17.pdf;;201953122_27.pdf
465;;201953122_7.pdf;;201953122_17.pdf;;201953122_27.pdf
466;;201953122_7.pdf;;201953122_17.pdf;;201953122_27.pdf
467;;201953122_7.pdf;;201953122_17.pdf;;201953122_27.pdf
468;;201953122_7.pdf;;201953122_17.pdf;;201953122_27.pdf
469;;201953122_7.pdf;;201953122_17.pdf;;201953122_27.pdf
470;;201953122_7.pdf;;201953122_17.pdf;;201953122_27.pdf
471;;201953122_7.pdf;;201953122_17.pdf;;201953122_27.pdf
472;;201953122_7.pdf;L1245: 126 etiketten;leeg.pdf;;201953122_27.pdf
473;;201953122_7.pdf;;stans.pdf;;201953122_27.pdf
474;;201953122_7.pdf;L1971: 72 etiketten;leeg.pdf;;201953122_27.pdf
475;;201953122_7.pdf;;201953122_18.pdf;;201953122_27.pdf
476;;201953122_7.pdf;;201953122_18.pdf;;201953122_27.pdf
477;;201953122_7.pdf;;201953122_18.pdf;;201953122_27.pdf
478;;201953122_7.pdf;;201953122_18.pdf;;201953122_27.pdf
479;M21.3.4: 54 etiketten;leeg.pdf;;201953122_18.pdf;;201953122_27.pdf
480;;stans.pdf;;201953122_18.pdf;;201953122_27.pdf
481;M04.4.1: 54 etiketten;leeg.pdf;;201953122_18.pdf;;201953122_27.pdf
482;;201953122_8.pdf;;201953122_18.pdf;;201953122_27.pdf
483;;201953122_8.pdf;;201953122_18.pdf;;201953122_27.pdf
484;;201953122_8.pdf;;201953122_18.pdf;;201953122_27.pdf
485;;201953122_8.pdf;;201953122_18.pdf;;201953122_27.pdf
486;;201953122_8.pdf;;201953122_18.pdf;;201953122_27.pdf
487;;201953122_8.pdf;;201953122_18.pdf;;201953122_27.pdf
488;;201953122_8.pdf;;201953122_18.pdf;;201953122_27.pdf
489;;201953122_8.pdf;;201953122_18.pdf;;201953122_27.pdf
490;;201953122_8.pdf;;201953122_18.pdf;;201953122_27.pdf
491;;201953122_8.pdf;;201953122_18.pdf;;201953122_27.pdf
492;;201953122_8.pdf;;201953122_18.pdf;;201953122_27.pdf
493;;201953122_8.pdf;;201953122_18.pdf;;201953122_27.pdf
494;;201953122_8.pdf;;201953122_18.pdf;;201953122_27.pdf
495;;201953122_8.pdf;;201953122_18.pdf;;201953122_27.pdf
496;;201953122_8.pdf;;201953122_18.pdf;;201953122_27.pdf
497;;201953122_8.pdf;;201953122_18.pdf;;201953122_27.pdf
498;;201953122_8.pdf;;201953122_18.pdf;;201953122_27.pdf
499;;201953122_8.pdf;;201953122_18.pdf;;201953122_27.pdf
500;;201953122_8.pdf;;201953122_18.pdf;;201953122_27.pdf
501;;201953122_8.pdf;;201953122_18.pdf;;201953122_27.pdf
502;;201953122_8.pdf;;201953122_18.pdf;;201953122_27.pdf
503;;201953122_8.pdf;;201953122_18.pdf;;201953122_27.pdf
504;;201953122_8.pdf;;201953122_18.pdf;;201953122_27.pdf
505;;201953122_8.pdf;;201953122_18.pdf;;201953122_27.pdf
506;;201953122_8.pdf;;201953122_18.pdf;;201953122_27.pdf
507;;201953122_8.pdf;;201953122_18.pdf;;201953122_27.pdf
508;;201953122_8.pdf;;201953122_18.pdf;;201953122_27.pdf
509;;201953122_8.pdf;;201953122_18.pdf;;201953122_27.pdf
510;;201953122_8.pdf;;201953122_18.pdf;;201953122_27.pdf
511;;201953122_8.pdf;;201953122_18.pdf;;201953122_27.pdf
512;;201953122_8.pdf;;201953122_18.pdf;;201953122_27.pdf
513;;201953122_8.pdf;;201953122_18.pdf;;201953122_27.pdf
514;;201953122_8.pdf;;201953122_18.pdf;;201953122_27.pdf
515;;201953122_8.pdf;;201953122_18.pdf;;201953122_27.pdf
516;;201953122_8.pdf;;201953122_18.pdf;;201953122_27.pdf
517;;201953122_8.pdf;;201953122_18.pdf;;201953122_27.pdf
518;;201953122_8.pdf;;201953122_18.pdf;;201953122_27.pdf
519;;201953122_8.pdf;;201953122_18.pdf;;201953122_27.pdf
520;;201953122_8.pdf;;201953122_18.pdf;;201953122_27.pdf
521;;201953122_8.pdf;;201953122_18.pdf;;201953122_27.pdf
522;;201953122_8.pdf;;201953122_18.pdf;;201953122_27.pdf
523;;201953122_8.pdf;;201953122_18.pdf;;201953122_27.pdf
524;;201953122_8.pdf;;201953122_18.pdf;;201953122_27.pdf
525;;201953122_8.pdf;;201953122_18.pdf;;201953122_27.pdf
526;;201953122_8.pdf;;201953122_18.pdf;;201953122_27.pdf
527;;201953122_8.pdf;;201953122_18.pdf;;201953122_27.pdf
528;;201953122_8.pdf;;201953122_18.pdf;;201953122_27.pdf
529;;201953122_8.pdf;;201953122_18.pdf;;201953122_27.pdf
530;;201953122_8.pdf;;201953122_18.pdf;;201953122_27.pdf
531;;201953122_8.pdf;;201953122_18.pdf;;201953122_27.pdf
532;;201953122_8.pdf;;201953122_18.pdf;;201953122_27.pdf
533;;201953122_8.pdf;;201953122_18.pdf;;201953122_27.pdf
534;;201953122_8.pdf;;201953122_18.pdf;;201953122_27.pdf
535;;201953122_8.pdf;;201953122_18.pdf;;201953122_27.pdf
536;;201953122_8.pdf;;201953122_18.pdf;;201953122_27.pdf
537;;201953122_8.pdf;;201953122_18.pdf;;201953122_27.pdf
538;;201953122_8.pdf;;201953122_18.pdf;;201953122_27.pdf
539;;201953122_8.pdf;;201953122_18.pdf;;201953122_27.pdf
540;M04.4.1: 54 etiketten;leeg.pdf;;201953122_18.pdf;;201953122_27.pdf
541;;stans.pdf;;201953122_18.pdf;;201953122_27.pdf
542;CM03.10 : 36 etiketten;leeg.pdf;;201953122_18.pdf;;201953122_27.pdf
543;;201953122_9.pdf;;201953122_18.pdf;;201953122_27.pdf
544;;201953122_9.pdf;;201953122_18.pdf;;201953122_27.pdf
545;;201953122_9.pdf;;201953122_18.pdf;;201953122_27.pdf
546;;201953122_9.pdf;;201953122_18.pdf;;201953122_27.pdf
547;;201953122_9.pdf;;201953122_18.pdf;;201953122_27.pdf
548;;201953122_9.pdf;;201953122_18.pdf;;201953122_27.pdf
549;;201953122_9.pdf;;201953122_18.pdf;;201953122_27.pdf
550;;201953122_9.pdf;;201953122_18.pdf;;201953122_27.pdf
551;;201953122_9.pdf;L1971: 72 etiketten;leeg.pdf;LM2181: 126 etiketten;leeg.pdf
552;;201953122_9.pdf;;stans.pdf;;stans.pdf
553;;201953122_9.pdf;L1971: 72 etiketten;leeg.pdf;LM2181: 36 etiketten;leeg.pdf
554;;201953122_9.pdf;;201953122_19.pdf;;201953122_28.pdf
555;;201953122_9.pdf;;201953122_19.pdf;;201953122_28.pdf
556;;201953122_9.pdf;;201953122_19.pdf;;201953122_28.pdf
557;;201953122_9.pdf;;201953122_19.pdf;;201953122_28.pdf
558;;201953122_9.pdf;;201953122_19.pdf;;201953122_28.pdf
559;;201953122_9.pdf;;201953122_19.pdf;;201953122_28.pdf
560;;201953122_9.pdf;;201953122_19.pdf;;201953122_28.pdf
561;;201953122_9.pdf;;201953122_19.pdf;;201953122_28.pdf
562;;201953122_9.pdf;;201953122_19.pdf;;201953122_28.pdf
563;;201953122_9.pdf;;201953122_19.pdf;;201953122_28.pdf
564;;201953122_9.pdf;;201953122_19.pdf;;201953122_28.pdf
565;;201953122_9.pdf;;201953122_19.pdf;;201953122_28.pdf
566;;201953122_9.pdf;;201953122_19.pdf;;201953122_28.pdf
567;;201953122_9.pdf;;201953122_19.pdf;;201953122_28.pdf
568;;201953122_9.pdf;;201953122_19.pdf;;201953122_28.pdf
569;;201953122_9.pdf;;201953122_19.pdf;;201953122_28.pdf
570;;201953122_9.pdf;;201953122_19.pdf;;201953122_28.pdf
571;;201953122_9.pdf;;201953122_19.pdf;;201953122_28.pdf
572;;201953122_9.pdf;;201953122_19.pdf;;201953122_28.pdf
573;;201953122_9.pdf;;201953122_19.pdf;;201953122_28.pdf
574;;201953122_9.pdf;;201953122_19.pdf;;201953122_28.pdf
575;;201953122_9.pdf;;201953122_19.pdf;;201953122_28.pdf
576;;201953122_9.pdf;;201953122_19.pdf;;201953122_28.pdf
577;;201953122_9.pdf;;201953122_19.pdf;;201953122_28.pdf
578;;201953122_9.pdf;;201953122_19.pdf;;201953122_28.pdf
579;;201953122_9.pdf;;201953122_19.pdf;;201953122_28.pdf
580;;201953122_9.pdf;;201953122_19.pdf;;201953122_28.pdf
581;;201953122_9.pdf;;201953122_19.pdf;;201953122_28.pdf
582;;201953122_9.pdf;;201953122_19.pdf;;201953122_28.pdf
583;CM03.10 : 36 etiketten;leeg.pdf;;201953122_19.pdf;;201953122_28.pdf
584;;stans.pdf;;201953122_19.pdf;;201953122_28.pdf
585;CM06.25: 18 etiketten;leeg.pdf;;201953122_19.pdf;;201953122_28.pdf
586;;201953122_10.pdf;;201953122_19.pdf;;201953122_28.pdf
587;;201953122_10.pdf;;201953122_19.pdf;;201953122_28.pdf
588;;201953122_10.pdf;;201953122_19.pdf;;201953122_28.pdf
589;;201953122_10.pdf;;201953122_19.pdf;;201953122_28.pdf
590;;201953122_10.pdf;;201953122_19.pdf;;201953122_28.pdf
591;;201953122_10.pdf;;201953122_19.pdf;;201953122_28.pdf
592;;201953122_10.pdf;;201953122_19.pdf;;201953122_28.pdf
593;;201953122_10.pdf;;201953122_19.pdf;;201953122_28.pdf
594;;201953122_10.pdf;;201953122_19.pdf;LM2181: 36 etiketten;leeg.pdf
595;;201953122_10.pdf;;201953122_19.pdf;;stans.pdf
596;;201953122_10.pdf;;201953122_19.pdf;;stans.pdf
597;;201953122_10.pdf;;201953122_19.pdf;;stans.pdf
598;;201953122_10.pdf;;201953122_19.pdf;;stans.pdf
599;;201953122_10.pdf;;201953122_19.pdf;;stans.pdf
600;;201953122_10.pdf;;201953122_19.pdf;;stans.pdf
601;;201953122_10.pdf;;201953122_19.pdf;;stans.pdf
602;;201953122_10.pdf;;201953122_19.pdf;;stans.pdf
603;;201953122_10.pdf;;201953122_19.pdf;;stans.pdf
604;;201953122_10.pdf;;201953122_19.pdf;;stans.pdf
605;;201953122_10.pdf;;201953122_19.pdf;;stans.pdf
606;;201953122_10.pdf;;201953122_19.pdf;;stans.pdf
607;;201953122_10.pdf;;201953122_19.pdf;;stans.pdf
608;CM06.25: 18 etiketten;leeg.pdf;;201953122_19.pdf;;stans.pdf
609;;stans.pdf;;201953122_19.pdf;;stans.pdf
610;CM06.21: 18 etiketten;leeg.pdf;;201953122_19.pdf;;stans.pdf
611;;201953122_11.pdf;;201953122_19.pdf;;stans.pdf
612;;201953122_11.pdf;;201953122_19.pdf;;stans.pdf
613;;201953122_11.pdf;;201953122_19.pdf;;stans.pdf
614;;201953122_11.pdf;;201953122_19.pdf;;stans.pdf
615;;201953122_11.pdf;;201953122_19.pdf;;stans.pdf
616;;201953122_11.pdf;;201953122_19.pdf;;stans.pdf
617;;201953122_11.pdf;;201953122_19.pdf;;stans.pdf
618;;201953122_11.pdf;;201953122_19.pdf;;stans.pdf
619;;201953122_11.pdf;;201953122_19.pdf;;stans.pdf
620;;201953122_11.pdf;;201953122_19.pdf;;stans.pdf
621;;201953122_11.pdf;;201953122_19.pdf;;stans.pdf
622;;201953122_11.pdf;;201953122_19.pdf;;stans.pdf
623;;201953122_11.pdf;;201953122_19.pdf;;stans.pdf
624;;201953122_11.pdf;;201953122_19.pdf;;stans.pdf
625;;201953122_11.pdf;;201953122_19.pdf;;stans.pdf
626;;201953122_11.pdf;;201953122_19.pdf;;stans.pdf
627;;201953122_11.pdf;;201953122_19.pdf;;stans.pdf
628;;201953122_11.pdf;;201953122_19.pdf;;stans.pdf
629;;201953122_11.pdf;;201953122_19.pdf;;stans.pdf
630;;201953122_11.pdf;L1971: 72 etiketten;leeg.pdf;;stans.pdf
631;;201953122_11.pdf;;stans.pdf;;stans.pdf
632;;201953122_11.pdf;L1971: 72 etiketten;leeg.pdf;;stans.pdf
633;CM06.21: 18 etiketten;leeg.pdf;;201953122_20.pdf;;stans.pdf
634;;stans.pdf;;201953122_20.pdf;;stans.pdf
635;;stans.pdf;;201953122_20.pdf;;stans.pdf
636;;stans.pdf;;201953122_20.pdf;;stans.pdf
637;;stans.pdf;;201953122_20.pdf;;stans.pdf
638;;stans.pdf;;201953122_20.pdf;;stans.pdf
639;;stans.pdf;;201953122_20.pdf;;stans.pdf
640;;stans.pdf;;201953122_20.pdf;;stans.pdf
641;;stans.pdf;;201953122_20.pdf;;stans.pdf
642;;stans.pdf;;201953122_20.pdf;;stans.pdf
643;;stans.pdf;;201953122_20.pdf;;stans.pdf
644;;stans.pdf;;201953122_20.pdf;;stans.pdf
645;;stans.pdf;;201953122_20.pdf;;stans.pdf
646;;stans.pdf;;201953122_20.pdf;;stans.pdf
647;;stans.pdf;;201953122_20.pdf;;stans.pdf
648;;stans.pdf;;201953122_20.pdf;;stans.pdf
649;;stans.pdf;;201953122_20.pdf;;stans.pdf
650;;stans.pdf;;201953122_20.pdf;;stans.pdf
651;;stans.pdf;;201953122_20.pdf;;stans.pdf
652;;stans.pdf;;201953122_20.pdf;;stans.pdf
653;;stans.pdf;;201953122_20.pdf;;stans.pdf
654;;stans.pdf;;201953122_20.pdf;;stans.pdf
655;;stans.pdf;;201953122_20.pdf;;stans.pdf
656;;stans.pdf;;201953122_20.pdf;;stans.pdf
657;;stans.pdf;;201953122_20.pdf;;stans.pdf
658;;stans.pdf;;201953122_20.pdf;;stans.pdf
659;;stans.pdf;;201953122_20.pdf;;stans.pdf
660;;stans.pdf;;201953122_20.pdf;;stans.pdf
661;;stans.pdf;;201953122_20.pdf;;stans.pdf
662;;stans.pdf;;201953122_20.pdf;;stans.pdf
663;;stans.pdf;;201953122_20.pdf;;stans.pdf
664;;stans.pdf;;201953122_20.pdf;;stans.pdf
665;;stans.pdf;;201953122_20.pdf;;stans.pdf
666;;stans.pdf;;201953122_20.pdf;;stans.pdf
667;;stans.pdf;;201953122_20.pdf;;stans.pdf
668;;stans.pdf;;201953122_20.pdf;;stans.pdf
669;;stans.pdf;;201953122_20.pdf;;stans.pdf
670;;stans.pdf;;201953122_20.pdf;;stans.pdf
671;;stans.pdf;;201953122_20.pdf;;stans.pdf
672;;stans.pdf;;201953122_20.pdf;;stans.pdf
673;;stans.pdf;;201953122_20.pdf;;stans.pdf
674;;stans.pdf;;201953122_20.pdf;;stans.pdf
675;;stans.pdf;;201953122_20.pdf;;stans.pdf
676;;stans.pdf;;201953122_20.pdf;;stans.pdf
677;;stans.pdf;;201953122_20.pdf;;stans.pdf
678;;stans.pdf;;201953122_20.pdf;;stans.pdf
679;;stans.pdf;;201953122_20.pdf;;stans.pdf
680;;stans.pdf;;201953122_20.pdf;;stans.pdf
681;;stans.pdf;;201953122_20.pdf;;stans.pdf
682;;stans.pdf;;201953122_20.pdf;;stans.pdf
683;;stans.pdf;;201953122_20.pdf;;stans.pdf
684;;stans.pdf;;201953122_20.pdf;;stans.pdf
685;;stans.pdf;;201953122_20.pdf;;stans.pdf
686;;stans.pdf;;201953122_20.pdf;;stans.pdf
687;;stans.pdf;;201953122_20.pdf;;stans.pdf
688;;stans.pdf;;201953122_20.pdf;;stans.pdf
689;;stans.pdf;;201953122_20.pdf;;stans.pdf
690;;stans.pdf;;201953122_20.pdf;;stans.pdf
691;;stans.pdf;;201953122_20.pdf;;stans.pdf
692;;stans.pdf;;201953122_20.pdf;;stans.pdf
693;;stans.pdf;;201953122_20.pdf;;stans.pdf
694;;stans.pdf;;201953122_20.pdf;;stans.pdf
695;;stans.pdf;;201953122_20.pdf;;stans.pdf
696;;stans.pdf;;201953122_20.pdf;;stans.pdf
697;;stans.pdf;;201953122_20.pdf;;stans.pdf
698;;stans.pdf;;201953122_20.pdf;;stans.pdf
699;;stans.pdf;;201953122_20.pdf;;stans.pdf
700;;stans.pdf;;201953122_20.pdf;;stans.pdf
701;;stans.pdf;;201953122_20.pdf;;stans.pdf
702;;stans.pdf;;201953122_20.pdf;;stans.pdf
703;;stans.pdf;;201953122_20.pdf;;stans.pdf
704;;stans.pdf;;201953122_20.pdf;;stans.pdf
705;;stans.pdf;;201953122_20.pdf;;stans.pdf
706;;stans.pdf;;201953122_20.pdf;;stans.pdf
707;;stans.pdf;;201953122_20.pdf;;stans.pdf
708;;stans.pdf;;201953122_20.pdf;;stans.pdf
709;;stans.pdf;L1971: 72 etiketten;leeg.pdf;;stans.pdf
710;;stans.pdf;;stans.pdf;;stans.pdf
